Wavelength,HER20,HER21,HER23,HER24,HER25,HER27,HER28,HER29,HER30,HER32,HER34,HER46,HER47,HER48,EEA1,EEA3,EIS1,EIS2,EIS3,ESU1,ESU2,ESU3,ETH1,ETH2,ETH3,HY+,HY-
300,12,12,10,11,13,26,11,12,12,13,13,19,14,13,12,14,11,7,8,11,9,9,7,8,13,3,2
301,12,12,9,10,13,25,11,12,12,12,13,19,13,12,11,14,10,7,7,10,8,9,6,8,12,2,1
302,11,12,9,10,12,25,10,12,11,12,12,18,13,12,11,14,10,6,7,10,7,8,6,7,12,2,1
303,11,12,9,10,12,25,10,11,11,12,12,18,13,12,11,14,9,6,7,10,7,8,5,7,11,1,1
304,11,12,8,10,12,25,10,11,11,12,12,18,12,12,10,14,9,6,6,9,7,8,5,7,11,1,0
305,11,12,8,10,12,24,10,11,11,12,12,18,12,12,10,14,9,6,6,9,7,7,5,6,11,1,0
306,11,12,9,10,12,24,10,11,11,12,12,18,12,12,10,14,9,6,6,9,6,7,5,6,11,1,0
307,11,12,9,10,12,24,10,11,11,12,12,18,12,12,10,14,9,6,6,9,6,7,5,6,11,1,0
308,11,12,9,10,12,24,10,11,11,12,12,19,12,12,11,14,9,6,6,9,6,7,5,6,11,1,0
309,11,12,9,10,13,24,10,11,11,12,12,19,12,12,11,14,9,6,6,9,6,7,5,6,11,1,0
310,11,12,9,10,13,24,10,12,11,12,12,19,12,12,11,15,9,6,6,9,6,7,5,6,11,1,0
311,11,13,9,10,13,24,10,12,11,12,12,19,12,12,11,15,9,6,6,9,6,7,5,6,11,1,0
312,11,13,9,10,13,24,10,12,11,12,12,19,12,12,11,15,9,6,7,9,6,7,5,6,11,1,0
313,11,13,9,10,13,23,10,12,11,13,12,19,12,12,11,15,9,6,7,9,6,7,5,6,11,1,0
314,11,13,9,10,13,23,10,12,11,13,12,18,12,12,11,15,9,6,7,9,6,7,5,6,11,2,0
315,11,13,9,10,13,23,10,12,11,13,12,18,11,12,11,15,9,6,7,9,6,7,5,6,11,2,0
316,11,13,9,10,13,23,10,12,11,13,12,18,11,12,11,15,9,6,7,9,6,7,5,6,11,2,0
317,11,13,9,10,13,23,10,12,11,13,12,18,11,12,11,15,9,6,7,9,6,6,5,6,10,2,0
318,11,13,9,10,13,22,10,12,11,13,12,18,11,12,11,15,8,6,7,9,6,6,5,6,10,2,0
319,11,13,9,10,13,22,10,12,11,13,12,18,11,12,11,15,8,6,7,9,6,6,5,6,10,3,0
320,11,13,9,10,13,22,10,12,11,13,12,18,11,12,11,15,8,6,7,9,6,6,4,6,10,3,0
321,11,13,9,10,13,22,10,12,11,13,12,18,11,12,11,15,8,6,6,9,6,6,4,6,10,3,0
322,11,13,9,10,13,22,10,12,11,13,12,18,11,12,11,15,8,6,6,9,6,6,4,6,10,3,0
323,11,13,9,10,13,21,10,12,11,13,12,17,11,12,11,14,8,6,6,8,6,6,4,6,10,4,0
324,11,13,9,10,13,21,10,12,11,13,12,17,11,11,11,14,8,5,6,8,6,6,4,6,10,4,0
325,11,13,9,10,13,21,10,11,11,12,12,17,10,11,11,14,8,5,6,8,6,6,4,6,10,4,0
326,10,13,9,10,13,20,10,11,11,12,12,17,10,11,11,14,7,5,6,8,6,6,4,6,9,4,0
327,10,13,9,10,13,20,10,11,11,12,12,17,10,11,11,14,7,5,6,8,6,6,4,6,9,4,0
328,10,13,9,10,12,20,10,11,11,12,12,17,10,11,11,13,7,5,6,8,6,6,4,6,9,4,0
329,10,13,9,10,12,20,10,11,11,12,11,16,10,11,11,13,7,5,6,8,6,5,4,6,9,5,0
330,10,13,9,10,12,19,10,11,11,12,11,16,10,11,11,13,7,5,6,8,6,5,4,6,9,5,0
331,10,13,9,10,12,19,9,11,10,12,11,16,10,11,11,13,7,5,6,8,6,5,4,6,9,5,0
332,10,12,9,10,12,19,9,11,10,12,11,16,9,10,11,12,7,5,6,8,6,5,4,6,8,5,0
333,9,12,9,9,12,18,9,10,10,12,11,16,9,10,11,12,7,5,6,8,6,5,4,6,8,5,0
334,9,12,9,9,12,18,9,10,10,11,11,15,9,10,11,12,6,4,5,8,6,5,4,6,8,5,0
335,9,12,8,9,11,18,9,10,10,11,11,15,9,10,11,12,6,4,5,7,6,5,4,6,8,5,0
336,9,12,8,9,11,17,9,10,10,11,11,15,9,10,10,11,6,4,5,7,6,5,4,6,8,5,0
337,9,12,8,9,11,17,9,10,9,11,10,15,8,9,10,11,6,4,5,7,6,5,4,6,8,5,0
338,8,11,8,9,11,16,8,9,9,11,10,14,8,9,10,11,6,4,5,7,6,5,4,6,7,5,0
339,8,11,8,8,11,16,8,9,9,10,10,14,8,9,10,10,6,4,5,7,6,4,3,6,7,5,0
340,8,11,8,8,10,15,8,9,9,10,10,14,8,9,10,10,6,4,5,7,6,4,3,5,7,5,0
341,8,11,7,8,10,15,8,9,9,10,10,13,7,8,10,10,5,4,5,7,6,4,3,5,7,5,0
342,8,10,7,8,10,15,8,9,8,10,9,13,7,8,9,9,5,3,5,7,6,4,3,5,7,5,0
343,7,10,7,8,10,14,7,8,8,9,9,13,7,8,9,9,5,3,5,7,6,4,3,5,7,5,0
344,7,10,7,7,10,14,7,8,8,9,9,12,7,7,9,9,5,3,5,7,6,4,3,5,6,5,0
345,7,9,7,7,9,14,7,8,8,9,9,12,6,7,9,9,5,3,5,6,6,4,3,5,6,5,0
346,7,9,6,7,9,13,7,8,7,8,8,12,6,7,9,8,5,3,5,6,6,4,3,5,6,5,0
347,7,9,6,7,9,13,7,7,7,8,8,11,6,7,8,8,5,3,4,6,6,4,3,5,6,5,0
348,6,9,6,6,9,12,6,7,7,8,8,11,6,6,8,8,4,3,4,6,6,4,3,5,6,5,0
349,6,8,6,6,8,12,6,7,7,8,8,11,5,6,8,8,4,3,4,6,6,4,3,5,6,5,0
350,6,8,5,6,8,12,6,7,7,7,7,10,5,6,8,7,4,3,4,6,6,4,3,5,6,5,0
351,6,8,5,6,8,11,6,6,6,7,7,10,5,6,8,7,4,2,4,6,5,4,3,5,5,5,0
352,5,8,5,6,8,11,6,6,6,7,7,10,5,5,7,7,4,2,4,6,5,4,3,5,5,5,0
353,5,7,5,5,7,11,6,6,6,7,7,9,4,5,7,7,4,2,4,5,5,4,3,5,5,5,0
354,5,7,5,5,7,10,5,6,6,6,7,9,4,5,7,6,4,2,4,5,5,4,3,5,5,5,0
355,5,7,4,5,7,10,5,6,5,6,6,9,4,5,7,6,4,2,4,5,5,3,3,5,5,5,0
356,5,7,4,5,7,10,5,5,5,6,6,8,4,4,7,6,4,2,4,5,5,3,3,5,5,5,0
357,5,6,4,5,7,9,5,5,5,6,6,8,4,4,6,6,4,2,4,5,5,3,3,5,4,5,0
358,4,6,4,4,6,9,5,5,5,6,6,8,3,4,6,6,3,2,4,5,5,3,3,5,4,5,0
359,4,6,4,4,6,9,5,5,5,5,6,8,3,4,6,5,3,2,4,5,5,3,3,5,4,5,0
360,4,6,4,4,6,8,4,5,5,5,5,7,3,4,6,5,3,2,4,5,5,3,3,5,4,5,0
361,4,6,4,4,6,8,4,4,4,5,5,7,3,3,6,5,3,2,4,5,5,3,3,5,4,5,0
362,4,5,3,4,6,8,4,4,4,5,5,7,3,3,5,5,3,2,4,4,5,3,3,5,4,5,0
363,4,5,3,4,5,8,4,4,4,5,5,6,3,3,5,5,3,2,4,4,5,3,3,5,4,5,0
364,3,5,3,4,5,7,4,4,4,5,5,6,3,3,5,4,3,2,4,4,4,3,3,5,4,5,0
365,3,5,3,3,5,7,4,4,4,4,5,6,2,3,5,4,3,1,3,4,4,3,3,5,4,5,0
366,3,5,3,3,5,7,4,4,4,4,4,6,2,3,5,4,3,1,3,4,4,3,2,5,4,5,0
367,3,5,3,3,5,7,3,4,4,4,4,6,2,3,5,4,3,1,3,4,4,3,2,5,3,5,0
368,3,4,3,3,5,6,3,4,3,4,4,5,2,2,5,4,3,1,3,4,4,3,2,4,3,5,0
369,3,4,3,3,5,6,3,3,3,4,4,5,2,2,4,4,3,1,3,4,4,3,2,4,3,5,0
370,3,4,3,3,5,6,3,3,3,4,4,5,2,2,4,4,3,1,3,4,4,3,2,4,3,5,0
371,3,4,3,3,4,6,3,3,3,4,4,5,2,2,4,3,2,1,3,4,4,3,2,4,3,5,0
372,3,4,3,3,4,6,3,3,3,4,4,5,2,2,4,3,2,1,3,4,4,3,2,4,3,5,0
373,3,4,3,3,4,6,3,3,3,3,4,5,2,2,4,3,2,1,3,4,4,3,2,4,3,5,0
374,3,4,2,3,4,5,3,3,3,3,3,4,2,2,4,3,2,1,3,3,4,3,2,4,3,5,0
375,3,4,2,3,4,5,3,3,3,3,3,4,2,2,4,3,2,1,3,3,4,3,2,4,3,5,0
376,2,4,2,3,4,5,3,3,3,3,3,4,1,2,4,3,2,1,3,3,4,3,2,4,3,5,0
377,2,4,2,3,4,5,3,3,3,3,3,4,1,2,4,3,2,1,3,3,4,3,2,4,3,5,0
378,2,3,2,3,4,5,3,3,3,3,3,4,1,2,4,3,2,1,3,3,4,3,2,4,3,5,0
379,2,3,2,3,4,5,3,3,3,3,3,4,1,2,3,3,2,1,3,3,4,3,2,4,3,5,0
380,2,3,2,2,4,5,3,3,3,3,3,4,1,2,3,3,2,1,3,3,4,3,2,4,3,5,0
381,2,3,2,2,4,4,3,3,3,3,3,4,1,1,3,3,2,1,3,3,4,3,2,4,3,5,0
382,2,3,2,2,4,4,3,3,3,3,3,4,1,1,3,2,2,1,3,3,4,3,2,4,3,5,0
383,2,3,2,2,4,4,3,3,2,3,3,3,1,1,3,2,2,1,3,3,3,3,2,4,3,5,0
384,2,3,2,2,4,4,2,2,2,3,3,3,1,1,3,2,2,1,2,3,3,3,2,4,2,5,0
385,2,3,2,2,4,4,2,2,2,3,3,3,1,1,3,2,2,1,2,3,3,3,2,4,2,5,0
386,2,3,2,2,4,4,2,2,2,3,3,3,1,1,3,2,2,1,2,3,3,3,2,4,2,5,0
387,2,3,2,2,4,4,2,2,2,3,3,3,1,1,3,2,2,1,2,3,3,3,2,4,2,5,0
388,2,3,2,2,4,4,2,2,2,3,3,3,1,1,3,2,2,1,2,3,3,3,2,4,2,5,0
389,2,3,2,2,3,4,2,2,2,3,3,3,1,1,3,2,2,1,2,3,3,3,2,4,2,5,0
390,2,3,2,2,3,4,2,2,2,3,3,3,1,1,3,2,2,1,2,3,3,3,2,4,2,5,0
391,2,3,2,2,3,3,2,2,2,3,3,3,1,1,3,2,2,1,2,3,3,3,2,4,2,5,0
392,2,3,2,2,3,3,2,2,2,2,3,3,1,1,3,2,2,1,2,3,3,3,2,4,2,5,0
393,2,3,2,2,3,3,2,2,2,2,3,3,1,1,3,2,2,1,2,3,3,3,2,4,3,5,0
394,2,3,2,2,3,3,2,2,2,2,3,3,1,1,3,2,2,1,2,3,3,3,3,4,3,5,1
395,2,3,2,2,3,3,2,2,2,2,3,3,1,1,3,2,2,1,2,3,3,3,3,4,3,5,1
396,2,3,2,2,3,3,2,2,2,2,3,3,1,1,3,2,2,1,2,3,3,3,3,4,3,5,1
397,2,3,2,2,3,3,2,2,2,2,3,3,1,1,3,2,2,1,2,3,3,3,3,4,3,5,1
398,2,3,2,2,3,3,2,2,2,2,3,3,1,1,3,2,2,1,2,3,3,3,3,4,3,5,2
399,2,3,2,2,3,3,2,2,2,2,3,3,1,1,3,2,2,1,2,3,3,3,3,4,3,5,2
400,2,3,2,2,3,3,2,2,2,2,3,3,1,1,3,2,2,1,2,3,3,3,3,4,3,5,2
401,2,3,2,2,3,3,2,2,2,2,3,3,1,1,3,2,2,1,2,3,3,3,3,4,3,5,3
402,2,3,2,2,3,3,2,2,2,2,3,3,1,1,3,2,2,1,2,3,3,3,3,4,3,5,3
403,2,3,2,2,3,3,2,2,2,2,3,2,1,1,3,2,2,1,2,3,3,3,3,4,3,5,4
404,2,3,2,2,3,3,2,2,2,2,3,2,1,1,3,2,2,1,2,3,3,3,3,5,3,5,5
405,2,3,2,2,3,3,2,2,2,2,3,2,1,1,3,2,2,2,2,3,4,3,3,5,3,5,5
406,2,3,2,2,3,3,2,2,2,2,3,2,1,1,3,2,2,2,2,3,4,3,3,5,3,5,6
407,2,3,2,2,3,3,2,2,2,2,3,2,1,1,3,2,2,2,2,3,4,3,3,5,3,5,7
408,2,3,2,2,3,3,2,2,2,3,3,2,1,1,3,2,2,2,3,4,4,3,3,5,3,5,8
409,2,3,2,2,3,3,2,2,2,3,3,2,1,1,3,2,2,2,3,4,4,3,4,5,3,5,9
410,2,3,2,2,3,3,2,2,2,3,3,2,1,1,3,2,2,2,3,4,4,3,4,5,3,5,10
411,2,3,2,2,3,3,2,2,2,3,3,2,1,1,3,2,2,2,3,4,4,4,4,5,3,5,11
412,2,3,2,2,3,3,2,2,2,3,3,2,1,1,3,2,3,2,3,4,4,4,4,5,4,5,11
413,2,3,2,2,4,3,2,2,2,3,3,2,1,1,3,3,3,2,3,4,4,4,4,5,4,5,12
414,2,3,2,2,4,3,2,2,2,3,3,2,1,1,4,3,3,2,3,4,4,4,4,6,4,5,13
415,2,3,2,2,4,3,2,2,2,3,3,2,1,1,4,3,3,3,3,4,5,4,5,6,4,5,14
416,2,3,2,2,4,3,2,2,2,3,3,2,1,1,4,3,3,3,3,5,5,4,5,6,4,5,15
417,2,3,2,2,4,3,2,2,2,3,3,2,1,1,4,3,3,3,3,5,5,4,5,6,4,5,16
418,2,3,2,2,4,3,2,2,2,3,3,2,1,1,4,3,3,3,3,5,5,4,5,6,4,5,16
419,2,3,2,3,4,3,3,3,2,3,3,2,1,1,4,3,3,3,4,5,5,4,5,6,5,5,17
420,2,3,2,3,4,3,3,3,2,3,3,3,1,1,5,4,4,3,4,5,5,4,6,7,5,5,17
421,2,3,2,3,4,3,3,3,2,3,3,3,1,1,5,4,4,4,4,6,6,5,6,7,5,5,18
422,2,3,2,3,4,3,3,3,3,3,3,3,1,2,5,4,4,4,4,6,6,5,6,7,5,5,18
423,2,4,2,3,4,3,3,3,3,3,3,3,1,2,5,4,4,4,4,6,6,5,6,7,5,5,19
424,2,4,2,3,4,3,3,3,3,3,3,3,1,2,6,5,4,4,4,6,6,5,7,8,6,5,19
425,3,4,2,3,4,3,3,3,3,3,4,3,2,2,6,5,4,5,4,6,6,5,7,8,6,5,20
426,3,4,2,3,4,3,3,3,3,3,4,3,2,2,6,5,5,5,5,7,7,5,7,8,6,5,20
427,3,4,3,3,4,3,3,3,3,3,4,3,2,2,7,6,5,5,5,7,7,5,7,8,6,5,20
428,3,4,3,3,5,3,3,3,3,4,4,3,2,2,7,6,5,6,5,7,7,5,8,9,6,5,21
429,3,4,3,3,5,4,3,3,3,4,4,3,2,2,8,6,5,6,5,7,7,6,8,9,7,5,21
430,3,5,3,3,5,4,3,4,3,4,4,3,2,2,8,7,6,6,5,8,8,6,8,9,7,5,21
431,3,5,3,4,5,4,4,4,4,4,5,3,2,3,8,7,6,7,6,8,8,6,9,9,7,5,21
432,3,5,3,4,5,4,4,4,4,4,5,4,2,3,9,7,6,7,6,8,8,6,9,10,7,5,21
433,4,6,4,4,6,4,4,4,4,5,5,4,3,3,9,8,7,8,6,9,8,6,9,10,8,5,21
434,4,6,4,4,6,5,4,5,4,5,6,4,3,3,10,8,7,8,6,9,9,6,9,10,8,5,21
435,4,6,4,5,6,5,5,5,5,6,6,4,3,4,10,8,7,8,7,9,9,7,10,10,8,5,22
436,5,7,5,5,7,5,5,5,5,6,7,4,4,4,11,9,8,9,7,9,9,7,10,11,8,5,22
437,5,8,5,6,7,6,5,6,6,7,7,5,4,5,11,9,8,9,7,10,9,7,10,11,9,5,22
438,6,8,5,6,8,6,6,6,6,7,8,5,5,5,11,10,8,10,7,10,10,7,11,11,9,6,22
439,6,9,6,7,9,7,6,7,7,8,8,5,5,6,12,10,9,10,8,10,10,7,11,11,9,6,22
440,7,10,7,8,9,8,7,8,8,9,9,6,6,7,12,10,9,11,8,11,10,7,11,12,9,6,22
441,8,11,8,8,10,9,8,9,8,10,10,6,7,8,13,11,10,11,8,11,10,8,12,12,10,6,22
442,9,12,9,9,11,10,9,10,9,11,11,7,8,9,13,11,10,12,9,11,11,8,12,12,10,6,22
443,10,13,10,11,12,11,10,11,10,12,13,8,9,10,14,12,10,12,9,11,11,8,12,13,10,6,22
444,11,15,11,12,14,12,11,12,12,14,14,8,10,11,14,12,11,13,9,12,11,8,12,13,10,6,22
445,12,16,12,13,15,13,12,14,13,15,16,9,11,13,14,12,11,13,10,12,11,8,13,13,11,6,22
446,14,18,14,15,17,15,13,15,15,17,17,10,13,14,15,13,12,14,10,12,12,9,13,13,11,6,22
447,16,20,15,17,18,16,14,17,16,19,19,11,14,16,15,13,12,14,10,13,12,9,13,14,11,7,22
448,17,22,17,18,20,18,16,19,18,21,21,13,16,18,16,13,13,15,11,13,12,9,14,14,11,7,22
449,19,24,19,20,22,20,17,21,20,23,23,14,18,20,16,14,13,15,11,13,12,9,14,14,12,7,22
450,21,26,21,23,24,22,19,23,22,25,26,15,21,22,17,14,14,16,11,14,13,9,14,14,12,7,22
451,24,29,23,25,26,24,21,25,24,27,28,17,23,25,17,15,14,16,12,14,13,10,14,15,12,8,22
452,26,31,26,27,28,27,23,28,27,30,30,19,25,28,18,15,15,17,12,14,13,10,15,15,12,8,22
453,28,33,28,30,31,29,25,30,29,32,33,21,28,30,18,15,15,17,13,14,13,10,15,15,13,8,22
454,31,36,30,32,33,32,27,33,31,35,36,23,31,33,19,16,16,17,13,15,14,10,15,15,13,9,22
455,33,38,33,35,35,34,29,35,34,37,38,25,34,36,19,16,17,18,13,15,14,10,16,16,13,9,23
456,36,41,35,37,38,37,31,38,36,40,41,27,36,39,19,17,17,18,14,15,14,11,16,16,13,9,23
457,38,43,38,40,40,39,33,40,39,42,43,30,39,42,20,17,18,19,14,16,14,11,16,16,14,10,23
458,41,45,40,42,42,42,35,43,41,45,46,32,42,45,20,17,18,19,15,16,15,11,17,16,14,11,23
459,43,48,43,45,44,44,37,45,44,47,48,35,45,49,21,18,19,20,15,16,15,11,17,17,14,11,23
460,45,50,45,47,46,47,39,47,46,49,51,38,48,52,21,18,19,20,15,17,15,11,17,17,14,12,23
461,48,52,47,49,48,49,41,49,48,52,53,40,51,55,22,18,20,21,16,17,15,12,17,17,15,12,23
462,50,54,50,51,50,51,42,51,50,54,55,43,53,57,22,19,20,21,16,17,16,12,18,18,15,13,23
463,52,55,52,53,52,53,44,53,52,56,57,46,56,60,23,19,21,22,17,18,16,12,18,18,15,14,23
464,53,57,53,55,54,55,45,55,54,57,59,49,58,63,23,20,22,22,17,18,16,12,18,18,15,15,24
465,55,58,55,57,55,57,47,57,56,59,61,52,61,65,24,20,22,22,17,18,16,12,19,18,16,16,24
466,57,60,57,59,56,58,48,58,57,60,62,55,63,68,24,20,23,23,18,19,17,13,19,19,16,17,24
467,58,61,58,60,58,59,49,60,58,62,64,57,65,70,25,21,23,23,18,19,17,13,19,19,16,18,24
468,59,62,60,61,59,61,50,61,60,63,65,60,66,72,25,21,24,24,19,20,17,13,19,19,17,19,24
469,61,63,61,62,60,62,51,62,61,64,66,62,68,74,25,22,24,24,19,20,18,13,20,20,17,20,25
470,62,64,62,63,61,63,52,63,62,65,67,65,70,76,26,22,25,24,20,20,18,13,20,20,17,21,25
471,62,64,63,64,61,64,53,64,63,66,68,67,71,77,26,22,25,25,20,21,18,14,20,20,17,22,25
472,63,65,63,65,62,64,54,65,63,66,69,69,72,78,27,23,26,25,20,21,18,14,21,20,18,24,25
473,64,66,64,66,63,65,54,65,64,67,70,70,73,80,27,23,26,25,21,21,19,14,21,21,18,25,25
474,65,66,65,66,63,66,55,66,65,67,70,72,74,81,28,24,26,26,21,22,19,14,21,21,18,26,26
475,65,67,65,67,64,66,55,66,65,68,71,73,75,82,28,24,27,26,21,22,19,14,21,21,19,28,26
476,66,67,66,67,64,67,56,67,66,68,71,75,75,83,29,24,27,26,22,22,19,15,22,22,19,29,26
477,66,67,66,67,64,67,56,67,66,69,71,76,76,83,29,25,28,27,22,23,20,15,22,22,19,31,26
478,66,68,66,68,64,67,56,67,66,69,72,77,76,84,30,25,28,27,23,23,20,15,22,22,19,32,27
479,67,68,67,68,65,67,56,68,67,69,72,78,77,84,30,26,29,27,23,23,20,15,22,22,20,33,27
480,67,68,67,68,65,68,57,68,67,69,72,78,77,85,30,26,29,28,23,24,20,15,23,23,20,35,27
481,67,68,67,68,65,68,57,68,67,69,72,79,78,85,31,26,30,28,24,24,21,16,23,23,20,36,27
482,67,68,67,68,65,68,57,68,67,70,73,79,78,86,31,27,30,28,24,25,21,16,23,23,20,38,28
483,67,68,68,69,65,68,57,68,67,70,73,80,78,86,32,27,30,28,24,25,21,16,24,24,21,39,28
484,68,68,68,69,65,68,57,68,67,70,73,80,78,86,32,28,31,29,25,25,21,16,24,24,21,40,28
485,68,69,68,69,65,68,57,68,68,70,73,81,78,86,32,28,31,29,25,26,22,17,24,24,21,42,29
486,68,69,68,69,66,68,58,68,68,70,73,81,79,87,33,28,32,29,25,26,22,17,24,24,22,43,29
487,68,69,68,69,66,68,58,69,68,70,73,82,79,87,33,29,32,30,26,26,22,17,25,25,22,44,29
488,68,69,68,69,66,68,58,69,68,70,73,83,79,87,34,29,32,30,26,27,23,17,25,25,22,46,29
489,68,69,68,69,66,69,58,69,68,70,73,83,79,87,34,30,33,30,26,27,23,17,25,25,22,47,30
490,68,69,68,69,66,69,58,69,68,70,74,84,79,88,35,30,33,31,27,27,23,18,26,25,23,48,30
491,68,69,68,69,66,69,58,69,68,70,74,84,79,88,35,31,34,31,27,28,23,18,26,26,23,49,30
492,68,69,68,70,66,69,58,69,68,70,74,85,80,88,35,31,34,31,28,28,24,18,26,26,23,50,30
493,68,69,69,70,66,69,58,69,68,71,74,85,80,88,36,31,34,31,28,28,24,18,26,26,24,52,31
494,69,69,69,70,66,69,58,69,68,71,74,86,80,89,36,32,35,32,28,29,24,19,27,27,24,53,31
495,69,69,69,70,66,69,58,69,68,71,74,86,80,89,37,32,35,32,29,29,25,19,27,27,24,54,31
496,69,69,69,70,66,69,58,69,69,71,74,86,80,89,37,33,35,32,29,30,25,19,27,27,24,55,32
497,69,69,69,70,66,69,58,69,69,71,74,87,80,89,37,33,36,32,29,30,25,19,28,27,25,56,32
498,69,69,69,70,67,69,58,69,69,71,74,87,80,89,38,33,36,33,30,30,26,20,28,28,25,57,32
499,69,69,69,70,67,69,58,69,69,71,74,87,80,89,38,34,36,33,30,31,26,20,28,28,25,57,32
500,69,69,69,70,67,69,58,69,69,71,74,88,81,89,39,34,37,33,30,31,26,20,28,28,26,58,33
501,69,69,69,70,67,69,58,69,69,71,75,88,81,90,39,35,37,33,31,31,27,20,29,29,26,59,33
502,69,69,69,70,67,69,58,69,69,71,75,88,81,90,39,35,37,34,31,32,27,20,29,29,26,60,33
503,69,69,69,70,67,69,58,69,69,71,75,88,81,90,40,35,38,34,32,32,27,21,29,29,26,60,33
504,69,69,69,70,67,69,58,69,69,71,75,89,81,90,40,36,38,34,32,32,28,21,30,29,27,61,34
505,69,69,69,70,67,69,58,69,69,71,75,89,81,90,41,36,39,34,32,33,28,21,30,30,27,61,34
506,69,68,69,70,67,69,59,69,69,71,75,89,81,90,41,37,39,35,33,33,28,21,30,30,27,62,34
507,70,68,69,70,67,69,59,69,69,71,75,89,81,90,41,37,39,35,33,34,28,22,30,30,28,62,35
508,70,68,69,70,67,69,59,69,69,71,75,90,81,90,42,37,40,35,33,34,29,22,31,31,28,63,35
509,70,68,69,70,67,69,59,69,69,71,75,90,81,90,42,38,40,35,34,34,29,22,31,31,28,63,35
510,70,68,70,70,68,69,59,69,69,71,75,90,81,91,43,38,40,36,34,35,29,22,31,31,29,63,35
511,70,68,70,70,68,69,59,69,69,71,75,90,82,91,43,38,41,36,34,35,30,23,31,31,29,64,36
512,70,68,70,70,68,69,59,69,69,71,75,91,82,91,43,39,41,36,35,35,30,23,32,32,29,64,36
513,70,68,70,70,68,69,59,69,69,71,76,91,82,91,44,39,41,36,35,36,30,23,32,32,30,64,36
514,70,68,70,70,68,69,59,69,69,71,76,91,82,91,44,40,42,37,35,36,31,23,32,32,30,64,37
515,70,68,70,70,68,69,59,69,69,71,76,91,82,91,44,40,42,37,36,36,31,24,33,32,30,64,37
516,70,68,70,70,68,69,59,69,69,71,76,91,82,91,45,40,42,37,36,37,31,24,33,33,30,64,37
517,70,68,70,71,68,69,59,70,69,71,76,92,82,91,45,41,43,37,36,37,32,24,33,33,31,65,37
518,70,68,70,71,68,69,59,70,69,71,76,92,82,91,45,41,43,38,37,38,32,24,33,33,31,65,38
519,70,68,70,71,68,69,59,70,69,71,76,92,82,91,46,41,43,38,37,38,32,25,34,34,31,65,38
520,70,68,70,71,68,69,59,70,69,71,76,92,82,91,46,41,43,38,37,38,33,25,34,34,32,65,38
521,70,68,70,71,68,69,59,70,69,71,76,92,82,91,46,42,44,38,38,39,33,25,34,34,32,65,39
522,71,68,70,71,68,69,59,70,69,71,76,92,82,91,47,42,44,39,38,39,33,25,34,35,32,65,39
523,71,68,70,71,68,69,59,70,69,71,76,92,82,91,47,42,44,39,38,39,34,26,35,35,33,65,39
524,71,68,70,71,69,69,59,70,69,71,76,92,82,91,47,43,45,39,39,40,34,26,35,35,33,65,39
525,71,68,70,71,69,69,59,70,69,71,76,92,82,91,47,43,45,39,39,40,34,26,35,35,33,65,40
526,71,68,70,71,69,69,59,70,69,71,77,92,82,91,48,43,45,40,39,40,35,26,36,36,33,65,40
527,71,68,70,71,69,69,59,70,69,71,77,92,82,91,48,44,46,40,40,41,35,27,36,36,34,65,40
528,71,68,70,71,69,69,59,70,69,71,77,91,82,91,48,44,46,40,40,41,35,27,36,36,34,65,40
529,71,68,70,71,69,69,59,70,69,71,77,91,82,91,49,44,46,40,40,41,36,27,36,37,34,65,41
530,71,68,70,71,69,69,59,70,69,71,77,91,82,91,49,45,46,41,40,42,36,27,37,37,35,65,41
531,71,68,70,71,69,69,59,70,69,71,77,91,82,91,49,45,47,41,41,42,36,28,37,37,35,65,41
532,71,68,70,71,69,69,59,70,69,71,77,91,82,91,50,45,47,41,41,42,36,28,37,37,35,65,41
533,71,68,70,71,69,69,59,70,69,71,77,90,82,91,50,46,47,41,41,43,37,28,37,38,36,65,42
534,71,68,70,71,69,69,59,70,69,71,77,90,82,91,50,46,48,42,42,43,37,28,38,38,36,65,42
535,71,68,70,71,69,69,59,70,69,71,77,90,82,91,51,46,48,42,42,43,37,28,38,38,36,65,42
536,71,68,70,71,69,69,59,70,69,71,77,90,82,91,51,47,48,42,42,44,38,29,38,39,36,65,42
537,71,68,70,71,68,68,59,70,69,71,77,89,82,91,51,47,48,42,43,44,38,29,38,39,37,65,43
538,71,68,70,71,68,68,59,70,69,71,77,89,82,90,51,47,49,43,43,44,38,29,39,39,37,65,43
539,71,68,70,71,68,68,59,70,69,71,77,89,82,90,52,47,49,43,43,45,38,29,39,39,37,65,43
540,71,68,70,71,68,68,59,70,69,71,77,89,82,90,52,48,49,43,43,45,39,30,39,40,38,65,43
541,71,68,70,71,69,68,59,70,69,71,77,89,83,90,52,48,49,43,44,45,39,30,39,40,38,65,43
542,71,68,70,71,69,68,59,70,69,71,77,88,83,90,52,48,50,44,44,46,39,30,40,40,38,65,44
543,71,68,70,71,69,68,59,70,69,71,77,88,83,90,53,49,50,44,44,46,39,30,40,40,38,65,44
544,71,68,70,71,69,68,59,70,69,71,77,88,83,90,53,49,50,44,44,46,40,31,40,41,39,64,44
545,71,68,70,71,69,68,59,70,69,71,77,88,83,90,53,49,50,44,45,47,40,31,41,41,39,64,44
546,71,68,70,71,69,68,59,70,69,71,77,88,83,90,53,49,51,45,45,47,40,31,41,41,39,64,44
547,71,68,70,71,69,68,59,70,69,71,77,88,83,90,54,49,51,45,45,47,41,31,41,42,40,64,45
548,71,68,70,71,69,68,59,70,69,71,77,88,83,90,54,50,51,45,45,47,41,31,41,42,40,64,45
549,71,68,70,71,69,68,60,70,69,71,77,87,83,90,54,50,51,45,46,48,41,32,42,42,40,64,45
550,71,68,70,71,69,68,60,70,69,71,77,87,83,90,54,50,52,46,46,48,42,32,42,42,41,64,45
551,71,68,70,71,69,68,60,70,69,71,77,87,83,90,55,50,52,46,46,48,42,32,42,43,41,63,45
552,71,68,70,71,69,68,60,70,69,71,77,87,83,90,55,51,52,46,46,49,42,32,42,43,41,63,46
553,71,68,70,71,69,68,60,70,69,71,77,87,83,90,55,51,52,46,47,49,43,33,43,43,41,63,46
554,71,68,70,71,69,68,60,70,69,71,77,87,83,90,55,51,53,47,47,49,43,33,43,44,42,63,46
555,71,68,70,71,69,68,60,70,69,71,77,87,83,90,56,51,53,47,47,50,43,33,43,44,42,63,46
556,71,68,70,71,69,68,60,70,69,71,77,87,83,90,56,51,53,47,47,50,44,34,44,44,42,63,46
557,71,68,70,71,69,68,60,70,69,71,77,86,83,90,56,52,53,48,48,50,44,34,44,44,43,63,46
558,71,68,70,71,69,68,60,70,69,71,77,86,83,90,56,52,54,48,48,51,44,34,44,45,43,62,47
559,71,68,70,71,69,68,60,70,69,71,77,86,82,90,57,52,54,48,48,51,44,34,44,45,43,62,47
560,71,68,70,71,69,68,60,70,69,71,77,86,82,90,57,52,54,49,48,51,45,35,45,45,44,62,47
561,71,68,70,71,68,68,60,70,70,71,77,85,82,89,57,53,54,49,49,52,45,35,45,45,44,62,47
562,71,68,70,71,68,68,60,70,70,71,77,85,82,89,57,53,55,49,49,52,45,35,45,46,44,62,47
563,72,69,70,71,68,68,60,70,70,72,77,85,82,89,58,53,55,49,49,52,45,35,46,46,44,62,47
564,72,69,70,71,68,68,60,70,69,72,76,85,82,89,58,53,55,50,49,53,46,36,46,46,45,62,47
565,72,69,70,71,68,68,60,70,69,72,76,84,82,89,58,53,55,50,49,53,46,36,46,46,45,62,48
566,72,69,70,71,68,68,59,70,69,72,76,84,82,89,58,54,56,50,50,53,46,36,46,47,45,62,48
567,72,69,70,71,68,68,59,70,69,72,76,83,82,89,58,54,56,51,50,54,46,36,47,47,45,61,48
568,72,69,69,71,67,68,59,70,69,72,76,83,82,89,59,54,56,51,50,54,46,37,47,47,46,61,48
569,72,70,69,70,67,68,59,71,69,72,75,83,82,88,59,54,56,51,50,54,46,37,47,48,46,61,48
570,72,70,69,70,67,68,59,71,69,72,75,82,82,88,59,54,57,51,50,55,47,37,47,48,46,61,48
571,72,70,69,70,67,68,59,71,69,72,75,82,82,88,59,54,57,52,51,55,47,37,48,48,46,61,48
572,72,70,69,70,67,68,59,71,69,72,75,82,81,88,60,55,57,52,51,55,47,38,48,48,47,61,49
573,72,70,69,70,66,68,59,71,69,72,75,82,81,88,60,55,57,52,51,56,47,38,48,49,47,61,49
574,72,70,69,70,66,68,59,71,69,72,75,81,81,88,60,55,57,52,51,56,47,38,48,49,47,61,49
575,72,71,69,70,66,68,59,71,69,72,75,81,81,88,60,55,58,53,51,56,48,38,49,49,47,61,49
576,72,71,69,70,66,68,59,71,69,72,75,81,81,88,61,55,58,53,52,56,48,38,49,49,48,61,49
577,72,71,69,70,66,68,59,71,69,72,75,81,81,88,61,55,58,53,52,57,48,39,49,50,48,61,50
578,72,71,69,70,66,68,59,71,69,72,75,81,81,88,61,56,58,53,52,57,48,39,49,50,48,61,50
579,72,71,69,70,66,68,59,71,69,72,75,81,81,88,61,56,59,54,52,57,49,39,50,50,48,61,50
580,72,71,69,70,66,68,59,71,69,72,75,81,81,88,61,56,59,54,52,58,49,39,50,50,49,61,50
581,72,71,69,70,66,68,59,71,69,72,75,81,81,88,61,56,59,54,53,58,49,40,50,51,49,61,50
582,72,71,69,70,66,68,59,71,69,72,75,81,81,88,62,56,59,54,53,58,49,40,51,51,49,61,50
583,72,71,69,70,66,68,59,71,69,72,75,81,81,88,62,56,59,55,53,59,50,40,51,51,50,61,50
584,72,71,69,70,66,68,59,71,69,72,75,81,81,88,62,57,60,55,53,59,50,40,51,51,50,61,50
585,72,71,69,70,66,68,59,71,69,72,75,81,81,88,62,57,60,55,54,59,50,41,51,52,50,61,50
586,72,71,69,70,66,68,59,71,69,72,75,81,82,88,62,57,60,55,54,59,51,41,52,52,51,61,50
587,72,71,69,70,66,68,59,71,69,72,75,81,82,88,63,57,60,56,54,60,51,41,52,52,51,61,51
588,72,71,69,70,66,68,59,71,69,72,75,81,82,88,63,57,60,56,54,60,51,41,52,52,51,61,51
589,72,70,69,70,66,68,59,71,69,72,75,81,82,88,63,58,61,56,54,60,52,42,52,53,51,61,51
590,72,70,69,70,66,68,60,71,69,72,75,81,82,88,63,58,61,56,55,61,52,42,53,53,52,61,51
591,72,70,69,70,66,68,60,71,69,72,75,81,82,88,63,58,61,56,55,61,52,42,53,53,52,60,51
592,72,70,69,70,67,68,60,71,69,72,75,81,82,88,63,58,61,57,55,61,52,42,53,53,52,60,51
593,72,70,69,70,67,68,60,71,69,72,75,81,82,88,64,58,61,57,55,61,53,43,53,53,53,60,51
594,71,70,69,70,67,68,60,71,69,72,75,81,82,88,64,58,62,57,55,62,53,43,54,54,53,60,51
595,71,70,69,70,67,68,60,71,69,72,75,81,82,88,64,59,62,57,56,62,53,43,54,54,53,60,51
596,71,70,69,70,67,68,60,71,69,72,75,81,82,88,64,59,62,58,56,62,54,43,54,54,53,60,51
597,72,70,69,70,67,68,60,71,69,72,75,81,82,88,64,59,62,58,56,62,54,44,54,54,54,60,51
598,72,70,69,71,67,68,60,71,69,72,75,81,82,88,64,59,62,58,56,63,54,44,55,55,54,60,51
599,72,70,69,71,67,68,60,71,69,72,75,82,82,88,64,59,63,58,56,63,54,44,55,55,54,60,51
600,72,70,69,71,67,68,59,71,69,72,75,82,82,88,65,59,63,59,57,63,55,44,55,55,55,60,51
601,72,70,69,71,67,68,59,71,69,72,75,82,82,88,65,59,63,59,57,63,55,45,55,55,55,60,51
602,72,70,69,71,67,68,59,71,69,72,75,82,82,88,65,60,63,59,57,64,55,45,56,56,55,60,51
603,72,70,69,71,67,68,59,71,69,72,75,82,82,88,65,60,63,59,57,64,56,45,56,56,55,60,52
604,72,70,69,71,67,68,59,71,69,72,75,82,82,88,65,60,63,59,57,64,56,45,56,56,56,60,52
605,72,70,69,71,67,68,59,71,69,72,75,82,82,88,65,60,64,59,58,65,56,46,57,56,56,60,52
606,72,70,69,71,67,68,59,71,69,72,75,82,82,88,65,60,64,60,58,65,56,46,57,56,56,60,52
607,72,70,70,71,67,68,59,71,69,72,75,82,82,88,66,60,64,60,58,65,57,46,57,57,56,60,52
608,72,70,70,71,67,68,59,71,69,72,76,82,82,88,66,61,64,60,58,65,57,46,57,57,57,59,52
609,72,70,70,71,67,68,59,71,69,72,76,82,82,88,66,61,64,60,58,66,57,47,58,57,57,59,52
610,72,70,70,71,67,68,60,71,69,72,76,82,82,88,66,61,64,60,59,66,58,47,58,57,57,59,52
611,72,70,70,71,67,68,60,71,69,72,76,82,82,88,66,61,65,61,59,66,58,47,58,58,58,59,52
612,72,69,70,71,67,68,60,71,69,72,76,82,83,88,66,61,65,61,59,66,58,47,58,58,58,59,52
613,72,69,70,71,67,68,60,71,69,72,76,82,83,88,66,61,65,61,59,67,59,48,58,58,58,59,52
614,71,69,70,71,68,68,60,71,69,72,76,82,83,88,66,61,65,61,59,67,59,48,59,58,58,59,52
615,71,69,70,71,68,68,60,71,69,72,76,82,83,88,67,62,65,61,59,67,59,48,59,58,59,59,52
616,71,69,70,71,68,68,60,71,69,72,76,82,83,88,67,62,65,61,60,67,60,48,59,59,59,59,52
617,71,69,70,71,68,68,60,71,69,72,76,82,83,88,67,62,65,61,60,68,60,49,59,59,59,60,53
618,71,69,70,71,68,68,60,71,69,72,76,82,83,88,67,62,65,62,60,68,60,49,59,59,60,60,53
619,71,69,70,71,68,68,60,71,69,72,77,82,83,88,67,62,65,62,60,68,61,49,60,59,60,60,53
620,71,68,70,71,68,67,60,71,69,72,77,82,83,88,67,62,65,62,60,68,61,49,60,59,60,60,53
621,71,68,70,71,68,67,60,71,69,72,77,82,83,88,67,62,66,62,60,69,62,49,60,60,60,60,53
622,71,68,70,71,68,67,60,71,69,72,77,82,83,88,67,63,66,62,61,69,62,50,60,60,61,60,53
623,71,68,70,71,69,67,60,71,69,72,77,82,83,88,67,63,66,62,61,69,62,50,60,60,61,60,53
624,71,68,70,71,69,67,60,71,69,72,77,82,83,88,67,63,66,62,61,69,63,50,61,60,61,60,53
625,71,67,71,71,69,67,60,71,69,72,77,82,83,88,67,63,66,62,61,69,63,50,61,60,62,60,53
626,71,67,71,71,69,67,60,70,69,71,77,82,83,88,67,63,66,62,61,70,63,50,61,60,62,60,53
627,71,67,71,71,69,67,60,70,69,71,77,82,83,88,67,63,66,63,61,70,64,51,61,61,62,60,53
628,71,67,71,71,69,67,60,70,69,71,78,82,83,88,67,63,66,63,61,70,64,51,61,61,62,60,53
629,71,67,71,71,69,67,59,70,69,71,78,82,83,88,67,63,66,63,62,70,64,51,62,61,63,60,53
630,71,66,71,71,69,67,59,70,69,71,78,82,83,88,67,63,66,63,62,70,65,51,62,61,63,60,54
631,71,66,71,71,70,67,59,70,69,71,78,82,83,88,67,63,66,63,62,70,65,51,62,61,63,60,54
632,71,66,71,71,70,67,59,70,69,71,78,82,84,88,67,63,66,63,62,71,66,51,62,61,63,60,54
633,71,66,71,71,70,67,59,70,69,71,78,82,84,88,67,64,66,63,62,71,66,52,62,61,64,60,54
634,71,65,71,71,70,67,59,70,68,71,78,82,84,88,67,64,66,63,62,71,66,52,62,61,64,60,54
635,71,65,71,71,70,67,59,70,68,71,78,82,84,87,67,64,66,63,62,71,67,52,62,61,64,60,54
636,71,65,71,71,70,67,59,70,68,71,78,82,84,87,67,64,66,63,63,71,67,52,62,62,64,60,54
637,70,65,71,71,70,67,59,70,68,71,79,82,84,87,67,64,66,63,63,71,67,52,63,62,65,60,54
638,70,65,71,71,71,67,59,70,68,71,79,82,84,87,67,64,66,63,63,72,68,53,63,62,65,60,54
639,70,64,72,70,71,67,59,70,68,71,79,82,84,87,67,64,66,63,63,72,68,53,63,62,65,60,54
640,70,64,72,70,71,67,59,70,68,71,79,82,84,87,67,64,66,63,63,72,69,53,63,62,65,60,54
641,70,64,72,70,71,67,59,70,68,71,79,82,84,87,67,64,66,63,63,72,69,53,63,62,66,60,54
642,70,64,72,70,71,67,59,70,68,71,79,82,84,87,67,64,66,63,64,72,69,53,63,62,66,60,54
643,70,64,72,70,71,67,59,70,68,71,79,82,84,87,68,64,67,63,64,72,70,54,63,62,66,60,54
644,70,64,72,70,71,67,59,70,68,71,79,82,84,87,68,64,67,63,64,73,70,54,64,63,66,60,54
645,70,63,72,70,71,67,59,70,68,71,79,82,84,87,68,64,67,63,64,73,70,54,64,63,66,60,54
646,70,63,72,70,71,67,59,70,68,71,79,82,84,87,68,64,67,64,64,73,71,54,64,63,67,60,54
647,70,63,72,70,71,67,59,70,68,71,79,82,84,87,68,64,67,64,64,73,71,54,64,63,67,60,55
648,69,63,72,70,71,67,59,70,68,71,79,82,84,87,68,64,67,64,64,73,71,55,64,63,67,61,55
649,69,63,72,71,71,67,59,70,68,71,79,82,84,87,68,64,67,64,64,73,71,55,65,63,67,61,55
650,69,63,72,71,71,67,59,70,68,71,79,82,84,87,68,64,67,64,64,74,72,55,65,64,68,61,55
651,69,63,72,71,71,67,59,70,68,71,79,82,84,86,68,64,67,64,64,74,72,55,65,64,68,61,55
652,69,63,72,71,71,67,59,70,68,71,79,82,84,86,68,64,67,64,64,74,72,56,65,64,68,61,55
653,69,63,72,71,71,67,59,70,68,71,79,82,83,86,68,64,67,65,65,74,72,56,65,64,68,61,55
654,69,63,72,71,71,66,59,70,68,71,79,82,83,86,68,64,67,65,65,74,73,56,65,64,68,61,55
655,69,63,72,71,71,66,59,70,68,71,79,82,83,86,68,64,67,65,65,75,73,56,66,64,69,61,55
656,69,63,72,71,71,66,59,70,68,71,79,82,83,86,68,65,67,65,65,75,73,56,66,65,69,61,55
657,69,63,72,70,71,66,59,69,68,71,79,82,83,86,68,65,68,65,65,75,73,56,66,65,69,61,55
658,69,63,72,70,71,66,59,69,68,70,79,82,83,86,68,65,68,65,65,75,73,56,66,65,69,61,55
659,68,63,72,70,71,66,59,69,68,70,79,81,83,86,68,65,68,65,65,75,74,57,66,65,70,61,55
660,68,63,72,70,71,66,59,69,67,70,79,81,83,86,68,65,68,65,66,75,74,57,66,65,70,61,55
661,68,62,72,70,71,65,59,69,67,70,79,81,83,86,68,65,68,65,66,76,74,57,67,65,70,61,55
662,68,62,72,70,71,65,59,69,67,70,79,81,83,86,68,65,68,65,66,76,74,57,67,66,70,61,55
663,68,62,72,70,71,65,59,69,67,70,79,81,83,86,68,65,68,65,66,76,75,57,67,66,71,61,55
664,68,62,72,70,71,65,59,69,67,70,79,81,83,86,68,65,68,65,66,76,75,57,67,66,71,61,55
665,68,62,72,70,71,65,59,69,67,70,79,81,83,86,68,65,68,65,66,76,75,58,67,66,71,61,55
666,68,62,72,70,71,65,58,69,67,70,79,81,83,86,68,65,68,66,66,76,75,58,68,66,71,61,55
667,68,62,72,70,71,65,58,69,67,70,79,81,83,86,68,66,68,66,67,76,76,58,68,67,71,61,55
668,68,62,72,70,71,65,58,69,67,70,79,81,83,86,69,66,68,66,67,77,76,58,68,67,71,62,55
669,68,62,72,70,71,65,58,69,67,70,79,81,83,86,69,66,68,66,67,77,76,58,68,67,71,62,55
670,68,62,72,70,71,65,58,69,67,70,79,81,83,86,69,66,68,66,67,77,76,58,68,67,72,62,55
671,68,62,72,70,71,65,58,69,67,70,78,81,83,86,69,66,68,66,67,77,76,59,69,67,72,62,55
672,68,62,72,70,71,65,58,69,67,70,78,81,83,86,69,66,69,66,67,77,76,59,69,67,72,62,55
673,68,62,72,70,70,65,58,69,67,70,78,81,83,86,69,66,69,66,67,77,77,59,69,67,72,62,55
674,68,63,72,70,70,65,58,69,67,70,78,81,83,86,69,66,69,66,68,77,77,59,69,67,72,62,55
675,68,63,72,70,70,65,58,69,67,70,78,81,83,86,69,66,69,67,68,78,77,60,70,67,72,62,55
676,68,63,71,70,70,65,58,69,67,70,78,81,83,86,70,66,69,67,68,78,77,60,70,67,73,62,55
677,68,63,71,70,70,65,58,69,67,70,78,81,83,86,70,66,69,67,68,78,77,60,70,68,73,61,55
678,68,63,71,70,70,65,58,69,67,70,78,81,83,86,70,66,69,67,68,78,77,60,70,68,73,61,55
679,68,63,71,70,70,65,58,69,67,70,77,81,83,86,70,67,70,67,68,78,77,60,70,68,73,61,55
680,68,63,71,70,70,65,58,69,67,70,77,81,83,86,70,67,70,67,68,78,77,61,71,68,73,61,55
681,68,63,71,70,70,65,58,69,67,70,77,81,83,86,70,67,70,68,69,78,77,61,71,68,74,61,55
682,68,63,71,70,70,65,58,69,67,70,77,81,83,86,70,67,70,68,69,79,78,61,71,68,74,61,55
683,68,63,71,70,70,65,58,69,67,70,77,81,83,86,70,67,70,68,69,79,78,61,71,69,74,61,55
684,68,63,71,70,69,65,58,69,67,70,77,81,83,86,71,67,70,68,69,79,78,61,71,69,74,61,55
685,68,63,71,70,69,65,58,69,67,70,77,81,83,86,71,67,70,68,69,79,78,62,72,69,74,61,55
686,68,63,71,70,69,65,58,69,67,70,77,81,83,86,71,67,70,68,69,79,78,62,72,69,74,61,55
687,68,63,71,70,69,65,58,69,67,70,77,81,83,86,71,67,70,68,69,79,78,62,72,69,75,61,55
688,68,63,71,70,69,65,58,69,67,70,77,80,83,86,71,67,71,68,69,80,78,62,72,69,75,61,55
689,68,63,71,70,69,65,58,69,67,70,77,80,83,86,71,68,71,68,70,80,79,62,72,69,75,61,55
690,67,63,71,70,69,65,58,69,66,70,77,80,83,85,71,68,71,69,70,80,79,62,72,70,75,61,55
691,67,63,71,70,69,65,58,69,66,70,77,80,83,85,71,68,71,69,70,80,79,62,72,70,75,61,55
692,67,62,71,70,69,64,58,69,66,70,77,80,83,85,71,68,71,69,70,80,79,63,72,70,75,61,55
693,67,62,71,69,69,64,58,69,66,70,77,80,82,85,71,68,71,69,70,80,79,63,72,70,76,61,55
694,67,62,70,69,69,64,58,69,66,70,77,80,82,85,71,68,71,69,70,80,80,63,72,70,76,61,55
695,67,62,70,69,69,64,58,69,66,70,77,80,82,85,71,68,71,69,70,80,80,63,72,70,76,61,55
696,66,62,70,69,69,64,58,69,66,69,77,80,82,85,71,68,70,68,70,80,80,63,73,70,76,61,55
697,66,61,70,69,69,64,58,69,66,69,76,80,82,85,71,68,70,68,70,80,80,63,73,70,76,60,55
698,66,61,70,69,69,64,57,68,66,69,76,80,82,85,70,67,70,68,70,80,80,63,72,70,76,60,55
699,65,61,70,69,69,64,57,68,65,69,76,79,81,84,70,67,70,68,70,79,80,63,72,70,76,60,55
700,65,60,69,68,68,64,57,68,65,68,75,79,81,84,69,67,69,67,70,79,79,63,72,69,75,59,54
